{"model_on_test_acc": 39.24714883414785, "train_on_test_acc": 37.26646231162143, "_runtime": 25, "_timestamp": 1647427042, "_step": 0, "_wandb": {"runtime": 24}}