{"model_on_test_acc": 40.523498621432566, "train_on_test_acc": 40.523498621432566, "_runtime": 23, "_timestamp": 1647426963, "_step": 0, "_wandb": {"runtime": 72}}