{"model_on_test_acc": 48.62285983462943, "train_on_test_acc": 45.81621768489143, "_runtime": 200, "_timestamp": 1647427287, "_step": 0}